query,has_media,tool_chains,sub_queries,need_call_tools,label,use_case,reasoning
"What is the career history and major trophies of [PLAYER]?",false,"[[""entity_augment""]]","[""Career history and major trophies of [PLAYER]""]",true,positive,entity_info,"Correct: entity_augment retrieves the entity WikiPage artifact, then entity_augment uses that artifact to answer detailed career questions."
"What is the career history and major trophies of [PLAYER]?",false,"[[""game_info_retrieval""]]","[""Career history and trophies of [PLAYER]""]",true,negative,entity_info,"Wrong: game_info_retrieval searches and retrieves static metadata for a specific match record. It cannot return player biography or trophy history. Entity background queries must use entity_augment."
"What is the career history and major trophies of [PLAYER]?",false,"[[""entity_recognition"", ""entity_augment""]]","[""Career history and trophies of [PLAYER]""]",true,negative,entity_info,"Wrong: entity_recognition is a visual tool that processes cropped image files. It cannot resolve entity names from text. Use entity_augment for text-based entity queries."
"What was the final score and which team won in [TEAM_A] vs [TEAM_B] on [DATE]?",false,"[[""game_info_retrieval""]]","[""Final score and winner of [TEAM_A] vs [TEAM_B] on [DATE]""]",true,positive,match_result,"Correct: game_info_retrieval is self-contained — it searches the database for the match and returns static match metadata including the final score in one call. No prerequisite tool needed."
"What was the final score and which team won in [TEAM_A] vs [TEAM_B] on [DATE]?",false,"[[""game_history_retrieval""]]","[""Final score of [TEAM_A] vs [TEAM_B] on [DATE]""]",true,negative,match_result,"Wrong: game_history_retrieval returns the full in-game event log (goals, cards, substitutions), not a concise static match summary. For final score and winner, game_info_retrieval is the correct tool."
"What was the final score and which team won in [TEAM_A] vs [TEAM_B] on [DATE]?",false,"[[""entity_augment""]]","[""Final score of [TEAM_A] vs [TEAM_B] on [DATE]""]",true,negative,match_result,"Wrong: entity_augment returns general entity background pages, not specific match scores. Match result queries must use game_info_retrieval to locate and retrieve the match record."
"List all goals and their timestamps in the [TEAM_A] vs [TEAM_B] match on [DATE].",false,"[[""game_history_retrieval""]]","[""Goals and timestamps in [TEAM_A] vs [TEAM_B] on [DATE]""]",true,positive,match_events,"Correct: game_history_retrieval is self-contained — it searches for the match and returns the full event log including all goals and their timings in one call."
"List all goals and their timestamps in the [TEAM_A] vs [TEAM_B] match on [DATE].",false,"[[""game_info_retrieval""]]","[""Goals and timestamps in [TEAM_A] vs [TEAM_B] on [DATE]""]",true,negative,match_events,"Wrong: game_info_retrieval returns static pre-match info and final score summary only, not the event log. For goals, cards, and substitution events use game_history_retrieval."
"List all goals and their timestamps in the [TEAM_A] vs [TEAM_B] match on [DATE].",false,"[[""entity_augment""]]","[""Goals and timestamps in [TEAM_A] vs [TEAM_B] on [DATE]""]",true,negative,match_events,"Wrong: entity_augment retrieves entity background pages from the knowledge base, not match event logs. For in-game events use game_history_retrieval."
"What were the starting lineups, final score, and all goalscorers in [TEAM_A] vs [TEAM_B] on [DATE]?",false,"[[""game_info_retrieval""], [""game_history_retrieval""]]","[""Starting lineups and final score of [TEAM_A] vs [TEAM_B] on [DATE]"", ""Goalscorers in [TEAM_A] vs [TEAM_B] on [DATE]""]",true,positive,match_full_info,"Correct: game_info_retrieval and game_history_retrieval are fully independent self-contained tools — neither depends on the other. Running them as two parallel chains is optimal."
"What were the starting lineups, final score, and all goalscorers in [TEAM_A] vs [TEAM_B] on [DATE]?",false,"[[""game_info_retrieval"", ""game_history_retrieval""]]","[""Starting lineups, final score, and goalscorers in [TEAM_A] vs [TEAM_B] on [DATE]""]",true,negative,match_full_info,"Wrong: game_history_retrieval does not depend on game_info_retrieval output — both are fully independent self-contained tools. Chaining them sequentially forces unnecessary waiting. They should run as independent parallel chains."
"What were the starting lineups, final score, and all goalscorers in [TEAM_A] vs [TEAM_B] on [DATE]?",false,"[[""game_info_retrieval""]]","[""Starting lineups, final score, and goalscorers in [TEAM_A] vs [TEAM_B] on [DATE]""]",true,negative,match_full_info,"Wrong: a single game_info_retrieval call covers only static match metadata (lineups, score, formation). Goalscorer event details are in the event log which requires game_history_retrieval. Both must run as parallel chains to cover the full question."
"Compare the career statistics and trophies of [PLAYER_A] and [PLAYER_B] during [PERIOD].",false,"[[""entity_augment""]]","[""Career statistics and trophies comparison of [PLAYER_A] and [PLAYER_B] during [PERIOD]""]",true,positive,entity_comparison,"Correct: entity_augment accepts a list of multiple entity names in one call, producing a combined artifact. entity_augment then uses it to answer the comparison. No need for parallel chains."
"Compare the career statistics and trophies of [PLAYER_A] and [PLAYER_B] during [PERIOD].",false,"[[""entity_augment""], [""entity_augment""]]","[""Career statistics and trophies of [PLAYER_A]"", ""Career statistics and trophies of [PLAYER_B]""]",true,negative,entity_comparison,"Wrong: entity_augment accepts multiple entity names in one list call. Splitting into two identical chains duplicates work unnecessarily. Use a single chain passing both names."
"Compare the career statistics and trophies of [PLAYER_A] and [PLAYER_B] during [PERIOD].",false,"[[""game_info_retrieval""]]","[""Career statistics and trophies comparison of [PLAYER_A] and [PLAYER_B]""]",true,negative,entity_comparison,"Wrong: game_info_retrieval searches and retrieves a specific match record. It cannot return career-level biography or trophy history. Player career comparisons must use entity_augment."
"Who is the player described as [VISUAL_DESCRIPTION] in this image, and which club do they play for?",true,"[[""segment"", ""entity_recognition"", ""entity_augment""]]","[""Identity and club of the player described as [VISUAL_DESCRIPTION] in the image""]",true,positive,image_entity,"Correct: segment crops the person matching the description and outputs the cropped image path artifact, entity_recognition uses that artifact to identify the player, then entity_augment answers the club question using the entity artifact."
"Who is the player described as [VISUAL_DESCRIPTION] in this image, and which club do they play for?",true,"[[""entity_recognition"", ""entity_augment""]]","[""Identity and club of the player described as [VISUAL_DESCRIPTION]""]",true,negative,image_entity,"Wrong: entity_recognition expects a cropped face image path artifact produced by segment. Passing the raw full-size image directly produces poor recognition accuracy. segment must always precede entity_recognition."
"Who is the player described as [VISUAL_DESCRIPTION] in this image, and which club do they play for?",true,"[[""entity_augment""]]","[""Club of the player described as [VISUAL_DESCRIPTION]""]",true,negative,image_entity,"Wrong: no entity name is known yet — identity must be resolved visually first. entity_augment requires a resolved name string as input. The correct flow is segment → entity_recognition to get the name, then optionally entity_augment."
"Describe the key action taking place in this soccer scene and generate a commentary line.",true,"[[""commentary_generation""]]","[""Key action and commentary for the soccer scene in the image""]",true,positive,image_commentary,"Correct: commentary_generation handles general scene description and commentary production directly from image input. No entity segmentation or identity resolution is needed."
"Describe the key action taking place in this soccer scene and generate a commentary line.",true,"[[""segment"", ""entity_recognition"", ""commentary_generation""]]","[""Key action and commentary for the soccer scene""]",true,negative,image_commentary,"Wrong: segment + entity_recognition is for identifying specific named players. The query asks for general scene description, not player identity. commentary_generation alone is the correct and sufficient tool."
"Describe the key action taking place in this soccer scene and generate a commentary line.",true,"[[""entity_augment"", ""commentary_generation""]]","[""Commentary for soccer scene action""]",true,negative,image_commentary,"Wrong: entity_augment requires known entity name strings and cannot extract any information from images. For visual commentary tasks, commentary_generation alone is the correct tool."
"What is [BACKGROUND_FACT about ENTITY_A], and what was the [MATCH_INFO of TEAM_B vs TEAM_C on DATE]?",false,"[[""entity_augment""], [""game_info_retrieval""]]","[""[Background fact about ENTITY_A]"", ""[Match info of TEAM_B vs TEAM_C on DATE]""]",true,positive,multi_topic_parallel,"Correct: the two sub-questions are fully independent with different tool chains. Running them as parallel chains reduces total latency. game_info_retrieval is self-contained and handles search+retrieval for the match sub-question."
"What is [BACKGROUND_FACT about ENTITY_A], and what was the [MATCH_INFO of TEAM_B vs TEAM_C on DATE]?",false,"[[""entity_augment""]]","[""[Background fact about ENTITY_A] and [match info of TEAM_B vs TEAM_C on DATE]""]",true,negative,multi_topic_parallel,"Wrong: merging two independent topics into one chain forces sequential execution and risks one topic being under-addressed. Independent topics with different tool needs must be dispatched as separate parallel chains."
"What is [BACKGROUND_FACT about ENTITY_A], and what was the [MATCH_INFO of TEAM_B vs TEAM_C on DATE]?",false,"[[""game_info_retrieval""], [""game_info_retrieval""]]","[""[Background fact about ENTITY_A]"", ""[Match info of TEAM_B vs TEAM_C on DATE]""]",true,negative,multi_topic_parallel,"Wrong: [ENTITY_A] background is an entity knowledge question requiring entity_augment, not game_info_retrieval. Using game_info_retrieval for an entity background sub-query returns match records instead of biography or factual knowledge."
"What is the seating capacity, location, and history of [VENUE]?",false,"[[""entity_augment""]]","[""Seating capacity, location, and history of [VENUE]""]",true,positive,venue_info,"Correct: venues are entities in the soccer knowledge base. entity_augment fetches the venue WikiPage artifact, then entity_augment answers detailed questions about capacity and history."
"What is the seating capacity, location, and history of [VENUE]?",false,"[[""game_info_retrieval""]]","[""Seating capacity and history of [VENUE]""]",true,negative,venue_info,"Wrong: game_info_retrieval retrieves a specific match record, not venue background knowledge. Venue profile questions (capacity, location, history) must use entity_augment to fetch the venue entity page."
"What is the seating capacity, location, and history of [VENUE]?",false,"[[""entity_augment""]]","[""Seating capacity and history of [VENUE]""]",true,negative,venue_info,"Wrong: entity_augment requires an entity artifact produced by entity_augment. Calling it without a preceding entity search means there is no artifact to query against."
"What is the career background and international record of referee [REFEREE]?",false,"[[""entity_augment""]]","[""Career background and international record of referee [REFEREE]""]",true,positive,referee_info,"Correct: referees are entities in the soccer knowledge base. entity_augment fetches the referee WikiPage artifact, then entity_augment retrieves detailed career information."
"What is the career background and international record of referee [REFEREE]?",false,"[[""game_history_retrieval""]]","[""Career background of referee [REFEREE]""]",true,negative,referee_info,"Wrong: game_history_retrieval returns match event logs, not referee biography. Referee background is entity knowledge and must be retrieved with entity_augment."
"What is the career background and international record of referee [REFEREE]?",false,"[[""entity_recognition"", ""entity_augment""]]","[""Career background of referee [REFEREE]""]",true,negative,referee_info,"Wrong: entity_recognition processes image files to identify faces. It cannot look up a referee by name. Use entity_augment for text-based entity lookups."
"What is the managerial career and tactical philosophy of coach [COACH]?",false,"[[""entity_augment""]]","[""Managerial career and tactical philosophy of coach [COACH]""]",true,positive,coach_info,"Correct: coaches and managers are entities in the knowledge base. entity_augment fetches the coach entity artifact, then entity_augment answers questions about career history and tactics."
"What is the managerial career and tactical philosophy of coach [COACH]?",false,"[[""game_info_retrieval""]]","[""Managerial career and philosophy of coach [COACH]""]",true,negative,coach_info,"Wrong: game_info_retrieval returns static pre-match data for a specific match, not a coach's full career history or tactical approach. Coach biography must use entity_augment."
"What is the managerial career and tactical philosophy of coach [COACH]?",false,"[[""entity_augment""]]","[""Managerial career and philosophy of coach [COACH]""]",true,negative,coach_info,"Wrong: entity_augment only retrieves the raw entity WikiPage and returns a content-and-artifact response. Without entity_augment consuming that artifact, detailed factual questions will not be answered accurately."
"Who was the referee and what was the venue and attendance for [TEAM_A] vs [TEAM_B] on [DATE]?",false,"[[""game_info_retrieval""]]","[""Referee, venue, and attendance for [TEAM_A] vs [TEAM_B] on [DATE]""]",true,positive,match_meta,"Correct: referee, venue, and attendance are static pre-match fields stored in the match record. game_info_retrieval handles both the search and metadata retrieval in one self-contained call."
"Who was the referee and what was the venue and attendance for [TEAM_A] vs [TEAM_B] on [DATE]?",false,"[[""game_history_retrieval""]]","[""Referee, venue, and attendance for [TEAM_A] vs [TEAM_B] on [DATE]""]",true,negative,match_meta,"Wrong: game_history_retrieval returns the match event log (goals, cards, substitutions), not pre-match metadata. Referee, venue, and attendance are static fields retrieved by game_info_retrieval."
"Who was the referee and what was the venue and attendance for [TEAM_A] vs [TEAM_B] on [DATE]?",false,"[[""entity_augment""]]","[""Referee and venue for [TEAM_A] vs [TEAM_B] on [DATE]""]",true,negative,match_meta,"Wrong: entity_augment retrieves entity background pages, not match-specific metadata. Questions about who refereed or where a specific match was played require game_info_retrieval."
"How did [PLAYER] perform in the [TEAM_A] vs [TEAM_B] match on [DATE] — did they score or get carded?",false,"[[""game_history_retrieval""]]","[""Performance of [PLAYER] in [TEAM_A] vs [TEAM_B] on [DATE]: goals, cards, and involvement""]",true,positive,player_match_performance,"Correct: individual player performance within a match (goals, assists, cards, substitution) is captured in the event log. game_history_retrieval is self-contained — it searches for the match and returns the full event log in one call."
"How did [PLAYER] perform in the [TEAM_A] vs [TEAM_B] match on [DATE] — did they score or get carded?",false,"[[""entity_augment""]]","[""Performance of [PLAYER] in [TEAM_A] vs [TEAM_B] on [DATE]""]",true,negative,player_match_performance,"Wrong: entity_augment returns general career background, not event-level match performance. Goals scored or cards received in a specific match are in the event log retrieved by game_history_retrieval."
"How did [PLAYER] perform in the [TEAM_A] vs [TEAM_B] match on [DATE] — did they score or get carded?",false,"[[""game_info_retrieval""]]","[""Performance of [PLAYER] in [TEAM_A] vs [TEAM_B] on [DATE]""]",true,negative,player_match_performance,"Wrong: game_info_retrieval returns static pre-match data (lineups, formation, attendance), not the event log. Player in-match actions like goals and cards are in the event log accessed by game_history_retrieval."
"What is the nationality of the referee who officiated [TEAM_A] vs [TEAM_B] on [DATE]?",false,"[[""game_info_retrieval"", ""entity_augment""]]","[""Nationality of the referee who officiated [TEAM_A] vs [TEAM_B] on [DATE]""]",true,positive,cross_entity_lookup,"Correct: the referee name is unknown upfront and must be extracted from the match record first. game_info_retrieval retrieves the referee name, then entity_augment uses that name as input to fetch the referee entity page, and entity_augment answers the nationality question. All three tools are sequentially dependent and must stay in one chain."
"What is the nationality of the referee who officiated [TEAM_A] vs [TEAM_B] on [DATE]?",false,"[[""game_info_retrieval""], [""entity_augment""]]","[""Referee of [TEAM_A] vs [TEAM_B] on [DATE]"", ""Nationality of the referee""]",true,negative,cross_entity_lookup,"Wrong: splitting into two parallel chains breaks the data dependency — the second chain has no referee name to pass to entity_augment because game_info_retrieval has not run yet. When one chain's output is the input for the next step, all steps must be in a single sequential chain."
"What is the nationality of the referee who officiated [TEAM_A] vs [TEAM_B] on [DATE]?",false,"[[""entity_augment""]]","[""Nationality of the referee of [TEAM_A] vs [TEAM_B] on [DATE]""]",true,negative,cross_entity_lookup,"Wrong: the referee name is not known from the query text alone, so entity_augment has no name to look up. The referee identity must first be extracted from the match record via game_info_retrieval before an entity lookup can be performed."
"Based on what you told me earlier about [PLAYER], what were their main achievements?",false,"[]","[]",false,positive,no_tools_needed,"Correct: the specific information about [PLAYER] was already retrieved and discussed in the previous conversation turn. The planning agent must check conversation history first — when the exact answer is already present, set need_call_tools=false and respond directly without calling any tools."
"Based on what you told me earlier about [PLAYER], what were their main achievements?",false,"[[""entity_augment""]]","[""Main achievements of [PLAYER]""]",true,negative,no_tools_needed,"Wrong: the user explicitly references a prior discussion and the information is already in conversation history. Re-fetching the same entity with entity_augment duplicates work unnecessarily. The planning agent must always check history first and set need_call_tools=false when the specific answer is already available."
"Based on what you told me earlier about [PLAYER], what were their main achievements?",false,"[[""game_history_retrieval""]]","[""Achievements of [PLAYER]""]",true,negative,no_tools_needed,"Wrong: game_history_retrieval retrieves match event logs, not player career achievements. Even ignoring the history check failure, this tool is entirely wrong for a biography question. Player achievements use entity_augment, but here the answer already exists in conversation history."
"Who scored in [TEAM_A] vs [TEAM_B] on [DATE], and what club do they currently play for?",false,"[[""game_history_retrieval"", ""entity_augment""]]","[""Goalscorer in [TEAM_A] vs [TEAM_B] on [DATE] and their current club""]",true,positive,goal_scorer_entity,"Correct: the goalscorer's name is unknown upfront and must first be extracted from the event log. game_history_retrieval is self-contained and returns the full event log with goalscorer names, entity_augment uses those names to fetch entity pages, and entity_augment answers the current club question. All three tools are sequentially dependent and must stay in one chain."
"Who scored in [TEAM_A] vs [TEAM_B] on [DATE], and what club do they currently play for?",false,"[[""game_history_retrieval""], [""entity_augment""]]","[""Goalscorer in [TEAM_A] vs [TEAM_B] on [DATE]"", ""Current club of the goalscorer""]",true,negative,goal_scorer_entity,"Wrong: splitting into two parallel chains breaks the sequential data dependency. The second chain has no player name to pass to entity_augment because game_history_retrieval has not run yet in that chain. When one step's output is the required input for the next, all steps must remain in a single sequential chain."
"Who scored in [TEAM_A] vs [TEAM_B] on [DATE], and what club do they currently play for?",false,"[[""entity_augment""]]","[""Current club of the goalscorer in [TEAM_A] vs [TEAM_B] on [DATE]""]",true,negative,goal_scorer_entity,"Wrong: entity_augment requires a known entity name as input, but the goalscorer's name is not given in the query text. The scorer identity must first be extracted from the match event log via game_history_retrieval before any entity lookup can be performed."
"Who is [VISUAL_DESCRIPTION] in this image, and what was the final score of [TEAM_A] vs [TEAM_B] on [DATE]?",true,"[[""segment"", ""entity_recognition"", ""entity_augment""], [""game_info_retrieval""]]","[""Identity of [VISUAL_DESCRIPTION] in the image"", ""Final score of [TEAM_A] vs [TEAM_B] on [DATE]""]",true,positive,image_parallel_match,"Correct: visual identity resolution and match score retrieval are fully independent tasks. Running them as parallel chains reduces total latency. game_info_retrieval is self-contained and handles search+retrieval for the score sub-question."
"Who is [VISUAL_DESCRIPTION] in this image, and what was the final score of [TEAM_A] vs [TEAM_B] on [DATE]?",true,"[[""segment"", ""entity_recognition"", ""entity_augment"", ""game_info_retrieval""]]","[""Identity of [VISUAL_DESCRIPTION] and final score of [TEAM_A] vs [TEAM_B] on [DATE]""]",true,negative,image_parallel_match,"Wrong: merging both independent sub-questions into one sequential chain is inefficient. Match score retrieval does not depend on visual identity resolution. These two tasks have no data dependency and must be dispatched as separate parallel chains."
"Who is [VISUAL_DESCRIPTION] in this image, and what was the final score of [TEAM_A] vs [TEAM_B] on [DATE]?",true,"[[""entity_recognition"", ""entity_augment""], [""game_info_retrieval""]]","[""Identity of [VISUAL_DESCRIPTION]"", ""Final score of [TEAM_A] vs [TEAM_B] on [DATE]""]",true,negative,image_parallel_match,"Wrong: entity_recognition requires a cropped face image artifact produced by segment. Skipping segment and calling entity_recognition directly on the raw full-size image produces poor recognition accuracy. segment must always precede entity_recognition to provide the required artifact."
"Generate a commentary line for this soccer scene, and tell me about [PLAYER]'s career background.",true,"[[""commentary_generation""], [""entity_augment""]]","[""Commentary for the soccer scene"", ""Career background of [PLAYER]""]",true,positive,commentary_with_text,"Correct: visual scene commentary and player career biography are fully independent. commentary_generation works directly from the image, and the textual chain works from the player name in the query. No data dependency exists between them. Running in parallel is correct."
"Generate a commentary line for this soccer scene, and tell me about [PLAYER]'s career background.",true,"[[""commentary_generation"", ""entity_augment""]]","[""Commentary for the soccer scene and career background of [PLAYER]""]",true,negative,commentary_with_text,"Wrong: commentary_generation output does not feed into entity_augment — they are fully independent tasks. Chaining them sequentially forces the player career lookup to wait for commentary to complete. Independent tasks must be dispatched as separate parallel chains."
"Generate a commentary line for this soccer scene, and tell me about [PLAYER]'s career background.",true,"[[""segment"", ""entity_recognition"", ""entity_augment""], [""entity_augment""]]","[""Commentary for the soccer scene"", ""Career background of [PLAYER]""]",true,negative,commentary_with_text,"Wrong: the first sub-question asks for general scene commentary, not player identity resolution. segment + entity_recognition is the visual identity pipeline, not a commentary tool. commentary_generation is the correct tool for scene description; no segmentation or recognition step is needed."
"Compare the number of goals scored in [TEAM_A] vs [TEAM_B] on [DATE_1] and in [TEAM_C] vs [TEAM_D] on [DATE_2].",false,"[[""game_history_retrieval""], [""game_history_retrieval""]]","[""Goals scored in [TEAM_A] vs [TEAM_B] on [DATE_1]"", ""Goals scored in [TEAM_C] vs [TEAM_D] on [DATE_2]""]",true,positive,multi_match_comparison,"Correct: two separate match event lookups with no data dependency between them. Each parallel chain independently runs game_history_retrieval for a different match. game_history_retrieval is self-contained so no prerequisite tool is needed per chain."
"Compare the number of goals scored in [TEAM_A] vs [TEAM_B] on [DATE_1] and in [TEAM_C] vs [TEAM_D] on [DATE_2].",false,"[[""game_history_retrieval""]]","[""Goals scored in both [TEAM_A] vs [TEAM_B] on [DATE_1] and [TEAM_C] vs [TEAM_D] on [DATE_2]""]",true,negative,multi_match_comparison,"Wrong: game_history_retrieval retrieves one specific match at a time. A single chain cannot retrieve two independent matches simultaneously. Two separate parallel chains, each with game_history_retrieval targeting different matches, are required."
"Compare the number of goals scored in [TEAM_A] vs [TEAM_B] on [DATE_1] and in [TEAM_C] vs [TEAM_D] on [DATE_2].",false,"[[""game_info_retrieval""], [""game_info_retrieval""]]","[""Goals scored in [TEAM_A] vs [TEAM_B] on [DATE_1]"", ""Goals scored in [TEAM_C] vs [TEAM_D] on [DATE_2]""]",true,negative,multi_match_comparison,"Wrong: game_info_retrieval returns static pre-match data (lineups, formation, attendance, final score summary) but not the detailed event log. Individual goal counts and scorer details are captured in the event log returned by game_history_retrieval, not game_info_retrieval."
"Did [VISUAL_DESCRIPTION] score in the [TEAM_A] vs [TEAM_B] match on [DATE]?",true,"[[""segment"", ""entity_recognition""], [""game_history_retrieval""]]","[""Identity of [VISUAL_DESCRIPTION]"", ""All goal events in [TEAM_A] vs [TEAM_B] on [DATE]""]",true,positive,image_entity_match_performance,"Correct: identifying the player visually and retrieving the match event log are independent. Both run in parallel — the aggregator cross-references the identified player name against the event log to determine if they scored. segment must precede entity_recognition to supply the cropped face artifact."
"Did [VISUAL_DESCRIPTION] score in the [TEAM_A] vs [TEAM_B] match on [DATE]?",true,"[[""segment"", ""entity_recognition"", ""game_history_retrieval""]]","[""Whether [VISUAL_DESCRIPTION] scored in [TEAM_A] vs [TEAM_B] on [DATE]""]",true,negative,image_entity_match_performance,"Wrong: the match event log lookup does not depend on the visual identity result — the aggregator performs the cross-referencing. Forcing both tasks into one sequential chain makes the match lookup wait for visual identification to complete, wasting latency. These must run as parallel chains."
"Did [VISUAL_DESCRIPTION] score in the [TEAM_A] vs [TEAM_B] match on [DATE]?",true,"[[""segment"", ""entity_recognition"", ""entity_augment""]]","[""Whether [VISUAL_DESCRIPTION] scored in [TEAM_A] vs [TEAM_B] on [DATE]""]",true,negative,image_entity_match_performance,"Wrong: entity_augment fetches career biography from the entity knowledge page, not in-match event performance. Whether a player scored in a specific match requires game_history_retrieval to access the event log. The parallel chain for match event retrieval is entirely missing."
"Who are [VISUAL_DESCRIPTION_1] and [VISUAL_DESCRIPTION_2] in this image?",true,"[[""segment"", ""entity_recognition"", ""entity_augment""]]","[""Identities of [VISUAL_DESCRIPTION_1] and [VISUAL_DESCRIPTION_2] in the image""]",true,positive,image_multi_entity,"Correct: segment accepts a list of multiple visual descriptions in one call and produces cropped image paths for all matched entities. entity_recognition and entity_augment then process all identified entities within the same chain. No need to split into separate chains per entity description."
"Who are [VISUAL_DESCRIPTION_1] and [VISUAL_DESCRIPTION_2] in this image?",true,"[[""segment"", ""entity_recognition"", ""entity_augment""], [""segment"", ""entity_recognition"", ""entity_augment""]]","[""Identity of [VISUAL_DESCRIPTION_1]"", ""Identity of [VISUAL_DESCRIPTION_2]""]",true,negative,image_multi_entity,"Wrong: segment accepts a list of multiple descriptions in a single call. Splitting into two identical parallel chains duplicates the segmentation work unnecessarily. A single chain with all descriptions passed together to segment is the correct and efficient approach."
"Who are [VISUAL_DESCRIPTION_1] and [VISUAL_DESCRIPTION_2] in this image?",true,"[[""entity_recognition"", ""entity_augment""]]","[""Identities of [VISUAL_DESCRIPTION_1] and [VISUAL_DESCRIPTION_2]""]",true,negative,image_multi_entity,"Wrong: entity_recognition requires cropped face image path artifacts produced by segment. Without segment running first, there is no cropped image input for entity_recognition to process. segment must always precede entity_recognition in any visual identity resolution chain."
"Tell me about [PLAYER] who started in the [TEAM_A] vs [TEAM_B] match on [DATE].",false,"[[""game_info_retrieval"", ""entity_augment""]]","[""Background of [PLAYER] who started in [TEAM_A] vs [TEAM_B] on [DATE]""]",true,positive,lineup_player_entity,"Correct: the player's confirmed name from the lineup must come from the match record first. game_info_retrieval is self-contained and returns the starting lineup including the target player's full name, entity_augment uses that name to fetch the entity page, and entity_augment answers the background question. All three tools are sequentially dependent."
"Tell me about [PLAYER] who started in the [TEAM_A] vs [TEAM_B] match on [DATE].",false,"[[""entity_augment""]]","[""Background of [PLAYER] who started in [TEAM_A] vs [TEAM_B] on [DATE]""]",true,negative,lineup_player_entity,"Wrong: while the player name is present in the query, the query context ties their role to a specific match lineup — using game_info_retrieval first verifies the player actually started that match and provides the exact full name as listed in the lineup. Jumping directly to entity_augment risks using an ambiguous or incorrect name."
"Tell me about [PLAYER] who started in the [TEAM_A] vs [TEAM_B] match on [DATE].",false,"[[""game_history_retrieval"", ""entity_augment""]]","[""Background of [PLAYER] who started in [TEAM_A] vs [TEAM_B] on [DATE]""]",true,negative,lineup_player_entity,"Wrong: game_history_retrieval returns the match event log (goals, cards, substitutions), not the starting lineup. Starting lineup data is static pre-match information stored in game_info_retrieval. Using game_history_retrieval here retrieves the wrong data and cannot reliably confirm which players started."
"Tell me about [PLAYER]'s career background and how they performed in [TEAM_A] vs [TEAM_B] on [DATE].",false,"[[""entity_augment""], [""game_history_retrieval""]]","[""Career background of [PLAYER]"", ""Performance of [PLAYER] in [TEAM_A] vs [TEAM_B] on [DATE]""]",true,positive,entity_match_parallel,"Correct: career biography and in-match event data are fully independent. entity_augment retrieves the entity page without needing match data, and game_history_retrieval is self-contained and locates the match independently. Running as parallel chains minimizes total latency."
"Tell me about [PLAYER]'s career background and how they performed in [TEAM_A] vs [TEAM_B] on [DATE].",false,"[[""entity_augment"", ""game_history_retrieval""]]","[""Career background and match performance of [PLAYER] in [TEAM_A] vs [TEAM_B] on [DATE]""]",true,negative,entity_match_parallel,"Wrong: game_history_retrieval does not depend on entity_augment output. Placing both tool families in one sequential chain forces match event retrieval to wait for career biography retrieval unnecessarily. When two tasks share no data dependency, they must run as separate parallel chains."
"Tell me about [PLAYER]'s career background and how they performed in [TEAM_A] vs [TEAM_B] on [DATE].",false,"[[""entity_augment""], [""game_info_retrieval""]]","[""Career background of [PLAYER]"", ""Performance of [PLAYER] in [TEAM_A] vs [TEAM_B] on [DATE]""]",true,negative,entity_match_parallel,"Wrong: player in-match performance data (goals, cards, substitutions) comes from the event log via game_history_retrieval, not from static pre-match data via game_info_retrieval. When asking how a player performed in a specific match, game_history_retrieval is always the correct tool."
"What are the founding history and major trophies of [TEAM]?",false,"[[""entity_augment""]]","[""Founding history and major trophies of [TEAM]""]",true,positive,team_info,"Correct: teams are entities in the soccer knowledge base, just like players, venues, and referees. entity_augment fetches the team WikiPage artifact, then entity_augment retrieves founding history and trophy details from that artifact."
"What are the founding history and major trophies of [TEAM]?",false,"[[""game_info_retrieval""]]","[""Founding history and major trophies of [TEAM]""]",true,negative,team_info,"Wrong: game_info_retrieval retrieves a specific match record, not a team's historical background or trophy cabinet. Team background queries — just like player or venue queries — must use entity_augment to fetch the team entity page from the knowledge base."
"What are the founding history and major trophies of [TEAM]?",false,"[[""game_history_retrieval""]]","[""Trophy history of [TEAM]""]",true,negative,team_info,"Wrong: game_history_retrieval returns the event log of a single match, not a team's founding history or multi-season trophy list. Team background knowledge is stored in the entity knowledge base and must be retrieved via entity_augment + entity_augment."
"Describe the key action taking place in this image and identify the player described as [VISUAL_DESCRIPTION].",true,"[[""commentary_generation""], [""segment"", ""entity_recognition"", ""entity_augment""]]","[""Description of the key action in the image"", ""Identity of [VISUAL_DESCRIPTION] in the image""]",true,positive,commentary_with_visual_entity,"Correct: general scene commentary and visual player identity resolution are independent tasks. commentary_generation describes the overall action without needing to know who the players are, while segment + entity_recognition resolves the specific player. Running in parallel is correct."
"Describe the key action taking place in this image and identify the player described as [VISUAL_DESCRIPTION].",true,"[[""commentary_generation"", ""segment"", ""entity_recognition"", ""entity_augment""]]","[""Key action and identity of [VISUAL_DESCRIPTION] in the image""]",true,negative,commentary_with_visual_entity,"Wrong: commentary_generation output does not feed into segment or entity_recognition — these two visual tasks are independent of each other. Chaining them sequentially forces player identification to wait for commentary, wasting latency. They must run as separate parallel chains."
"Describe the key action taking place in this image and identify the player described as [VISUAL_DESCRIPTION].",true,"[[""segment"", ""entity_recognition"", ""entity_augment""]]","[""Key action and identity of [VISUAL_DESCRIPTION] in the image""]",true,negative,commentary_with_visual_entity,"Wrong: segment + entity_recognition identifies who the player is but does not produce a commentary line about the scene action. The first sub-question requires commentary_generation. Omitting it means the general scene description sub-task is never answered."
"What are the major career highlights of [PLAYER]?",true,"[[""entity_augment""]]","[""Major career highlights of [PLAYER]""]",true,positive,image_irrelevant_media,"Correct: the question is entirely text-based and the player name is already provided in the query. Even though an image is attached, the query makes no reference to visual content. No visual tools are needed — use entity_augment to fetch the entity page directly."
"What are the major career highlights of [PLAYER]?",true,"[[""segment"", ""entity_recognition"", ""entity_augment""]]","[""Major career highlights of [PLAYER]""]",true,negative,image_irrelevant_media,"Wrong: the player's name is already explicitly provided in the query text. There is no visual identification task — the question does not ask who is in the image. Using segment + entity_recognition when the entity name is already known wastes tool calls unnecessarily."
"What are the major career highlights of [PLAYER]?",true,"[[""commentary_generation""], [""entity_augment""]]","[""Visual description of the image"", ""Career highlights of [PLAYER]""]",true,negative,image_irrelevant_media,"Wrong: the query does not ask for commentary or any analysis of the image content. Adding commentary_generation creates an unrequested sub-task. When the question makes no reference to the visual content, do not include visual tools in the plan regardless of whether media is attached."
"List the goalscorers in [TEAM_A] vs [TEAM_B] on [DATE] and tell me about [ENTITY]'s career.",false,"[[""game_history_retrieval""], [""entity_augment""]]","[""Goalscorers in [TEAM_A] vs [TEAM_B] on [DATE]"", ""Career information of [ENTITY]""]",true,positive,match_events_entity_parallel,"Correct: match event retrieval and entity biography lookup address different topics with no shared data dependency. game_history_retrieval is self-contained for the match sub-question. Running both as parallel chains reduces total latency."
"List the goalscorers in [TEAM_A] vs [TEAM_B] on [DATE] and tell me about [ENTITY]'s career.",false,"[[""game_history_retrieval"", ""entity_augment""]]","[""Goalscorers in [TEAM_A] vs [TEAM_B] on [DATE] and career of [ENTITY]""]",true,negative,match_events_entity_parallel,"Wrong: entity_augment does not depend on game_history_retrieval output — they address completely different topics. Chaining them sequentially forces entity biography lookup to wait for match event retrieval unnecessarily. Independent sub-questions with different tool chains must run as parallel chains."
"List the goalscorers in [TEAM_A] vs [TEAM_B] on [DATE] and tell me about [ENTITY]'s career.",false,"[[""game_info_retrieval""], [""entity_augment""]]","[""Goalscorers in [TEAM_A] vs [TEAM_B] on [DATE]"", ""Career information of [ENTITY]""]",true,negative,match_events_entity_parallel,"Wrong: goalscorer data is captured in the match event log, not in static pre-match data. game_info_retrieval returns lineups, formation, and attendance but not goal events. For who scored in a match, game_history_retrieval is the correct tool."
"Which players from [TEAM] started in the [TEAM_A] vs [TEAM_B] match on [DATE]?",false,"[[""game_info_retrieval""]]","[""Starting lineup of [TEAM] in [TEAM_A] vs [TEAM_B] on [DATE]""]",true,positive,player_team_in_match,"Correct: starting lineup is static pre-match data stored in the match record. game_info_retrieval is self-contained — it searches for the match and returns the lineup with player names and positions in one call. Since the question asks only for names in the lineup, no entity lookup tools are needed."
"Which players from [TEAM] started in the [TEAM_A] vs [TEAM_B] match on [DATE]?",false,"[[""game_info_retrieval"", ""entity_augment""]]","[""Starting lineup of [TEAM] in [TEAM_A] vs [TEAM_B] on [DATE]""]",true,negative,player_team_in_match,"Wrong: the question asks only for which players started, not for their career background or biographical details. Adding entity_augment and entity_augment is unnecessary overhead. Lineup player names are already present in the match record from game_info_retrieval. Only add entity lookup tools when biography is explicitly requested."
"Which players from [TEAM] started in the [TEAM_A] vs [TEAM_B] match on [DATE]?",false,"[[""entity_augment""]]","[""Starting lineup of [TEAM] in [TEAM_A] vs [TEAM_B] on [DATE]""]",true,negative,player_team_in_match,"Wrong: which players started in a specific match is match-level data, not entity background knowledge. entity_augment retrieves career biography pages for named entities. For lineup data from a particular match, game_info_retrieval is required."
"What are the latest transfer news for [TEAM]?",false,"[[""web_news_search""]]","[""Latest transfer news for [TEAM]""]",true,positive,news_only,"Correct: transfer news requires up-to-date web information not available in the static knowledge base. web_news_search with time_range=week is the correct tool. Do not use entity_augment, which only returns historical career data stored in the DB."
"What are the latest transfer news for [TEAM]?",false,"[[""entity_augment""]]","[""Transfer news for [TEAM]""]",true,negative,news_only,"Wrong: entity_augment retrieves static biographical and career data from the local knowledge base. It cannot return current transfer rumours or breaking news. For any query about recent news, transfers, or injuries, use web_news_search."
"What are the latest transfer news for [TEAM]?",false,"[[""game_info_retrieval""]]","[""Transfer news for [TEAM]""]",true,negative,news_only,"Wrong: game_info_retrieval retrieves match records from the local database. It has no access to news articles or transfer activity. Current news queries must use web_news_search."
"Is [PLAYER] injured? What is their current fitness status?",false,"[[""web_news_search""]]","[""[PLAYER] injury fitness status""]",true,positive,news_injury,"Correct: player fitness and injury status changes frequently and is not stored in the static entity knowledge base. web_news_search retrieves the latest news articles about the player's current condition."
"Is [PLAYER] injured? What is their current fitness status?",false,"[[""entity_augment""]]","[""[PLAYER] injury status""]",true,negative,news_injury,"Wrong: entity_augment returns historical career facts from the knowledge base. It does not track real-time or recent injury updates. Current fitness status requires web_news_search."
"Who are the top scorers in [LEAGUE] so far this season?",false,"[[""web_news_search""]]","[""Top scorers in [LEAGUE] this season""]",true,positive,news_standings,"Correct: current season standings and live stats require up-to-date data from the web. web_news_search retrieves recent sports articles covering season statistics. The local DB only has historical match records."
"Who are the top scorers in [LEAGUE] so far this season?",false,"[[""game_history_retrieval""]]","[""Top scorers in [LEAGUE] this season""]",true,negative,news_standings,"Wrong: game_history_retrieval returns the event log of a single stored match, not aggregated season-wide statistics or league standings. For current season stats, web_news_search is the correct tool."
"Tell me about [PLAYER]'s career history and any recent news about them.",false,"[[""entity_augment""], [""web_news_search""]]","[""Career history of [PLAYER]"", ""Recent news about [PLAYER]""]",true,positive,entity_and_news_parallel,"Correct: career biography (static knowledge base) and recent news (live web) are fully independent data sources. entity_augment handles the biography sub-question and web_news_search handles the recent news sub-question. Running in parallel minimises latency."
"Tell me about [PLAYER]'s career history and any recent news about them.",false,"[[""entity_augment"", ""web_news_search""]]","[""Career history and recent news about [PLAYER]""]",true,negative,entity_and_news_parallel,"Wrong: web_news_search does not depend on entity_augment output. These two sub-questions are fully independent — one queries the local knowledge base, the other queries the live web. Chaining them sequentially adds unnecessary latency. They must run as separate parallel chains."
"Tell me about [PLAYER]'s career history and any recent news about them.",false,"[[""entity_augment""]]","[""Career history and recent news about [PLAYER]""]",true,negative,entity_and_news_parallel,"Wrong: entity_augment only covers static career data stored in the knowledge base. It cannot return recent news or current events. When the query asks for both biography and recent news, both entity_augment and web_news_search are required as separate parallel chains."
"Who is the new manager of [TEAM] after [MANAGER] was sacked?",false,"[[""web_news_search""]]","[""[TEAM] new manager appointment""]",true,positive,news_manager,"Correct: manager appointments and sackings are breaking news events not stored in the static entity knowledge base. web_news_search retrieves the latest articles about managerial changes."
"Who is the new manager of [TEAM] after [MANAGER] was sacked?",false,"[[""entity_augment""]]","[""[TEAM] manager [MANAGER]""]",true,negative,news_manager,"Wrong: entity_augment retrieves historical background data from the knowledge base. It cannot reflect recent managerial changes that happened in the last days or weeks. For current coaching staff, web_news_search is required."
"Who is the new manager of [TEAM] after [MANAGER] was sacked?",false,"[[""game_info_retrieval""]]","[""[TEAM] manager in recent match""]",true,negative,news_manager,"Wrong: game_info_retrieval retrieves static metadata for a stored match record. It lists the coach at match time but cannot confirm who the current manager is following a recent sacking. Use web_news_search for current coaching news."
"What are the results from this weekend's [LEAGUE] matches?",false,"[[""web_news_search""]]","[""[LEAGUE] match results this weekend""]",true,positive,news_recent_results,"Correct: match results from the current weekend are recent news not yet present in the static match database. web_news_search retrieves the latest scores and results from sports news sites."
"What are the results from this weekend's [LEAGUE] matches?",false,"[[""game_info_retrieval""]]","[""[LEAGUE] matches this weekend""]",true,negative,news_recent_results,"Wrong: game_info_retrieval queries the local static match database, which only contains historical records. Very recent or ongoing matches are not yet stored. For results from the current weekend, web_news_search is the correct tool."
"What are the results from this weekend's [LEAGUE] matches?",false,"[[""game_history_retrieval""]]","[""[LEAGUE] match events this weekend""]",true,negative,news_recent_results,"Wrong: game_history_retrieval searches the local event-log database, which does not contain very recent matches. For current weekend results, use web_news_search."
"Which teams have qualified for the [COMPETITION] knockouts so far?",false,"[[""web_news_search""]]","[""[COMPETITION] knockout qualification standings""]",true,positive,news_competition,"Correct: ongoing competition standings and qualification status change match by match and require current web data. web_news_search retrieves the latest standings articles. The local database only has past completed records."
"Which teams have qualified for the [COMPETITION] knockouts so far?",false,"[[""game_info_retrieval""]]","[""[COMPETITION] group stage results""]",true,negative,news_competition,"Wrong: game_info_retrieval retrieves individual stored match records, not aggregated real-time group standings or qualification status for an ongoing competition. For live standings, use web_news_search."
"Has [PLAYER] signed a contract extension with [TEAM]?",false,"[[""web_news_search""]]","[""[PLAYER] contract extension [TEAM]""]",true,positive,news_contract,"Correct: contract news is a current event that changes frequently and is not stored in the static entity knowledge base. web_news_search retrieves the latest reporting on contract signings and negotiations."
"Has [PLAYER] signed a contract extension with [TEAM]?",false,"[[""entity_augment""]]","[""[PLAYER] contract [TEAM]""]",true,negative,news_contract,"Wrong: entity_augment returns historical career facts from the knowledge base. Contract negotiations and recent signings are news events not reflected in the static DB. Use web_news_search to get current contract status."
"When is [TEAM]'s next match and who are they playing?",false,"[[""web_news_search""]]","[""[TEAM] next match fixture schedule""]",true,positive,news_fixture,"Correct: upcoming fixtures and schedules are forward-looking information not stored in the historical match database. web_news_search retrieves match preview and fixture articles from sports news sources."
"When is [TEAM]'s next match and who are they playing?",false,"[[""game_info_retrieval""]]","[""[TEAM] next match""]",true,negative,news_fixture,"Wrong: game_info_retrieval only queries the local historical match database. Upcoming (future) fixtures are not stored there. For next match schedules, use web_news_search."
"What happened in today's press conference for [TEAM]?",false,"[[""web_news_search""]]","[""[TEAM] press conference today""]",true,positive,news_breaking,"Correct: press conference news is real-time content that web_news_search can retrieve. Use time_range=day for queries explicitly about today's events to get the most recent articles."
"What is the current league table / standings for [LEAGUE]?",false,"[[""web_news_search""]]","[""Current [LEAGUE] league table standings""]",true,positive,news_league_table,"Correct: current league standings are dynamic and updated after every match. web_news_search retrieves the most recent standings articles. The local database only has historical match records, not aggregated live standings."
"What is the current league table / standings for [LEAGUE]?",false,"[[""game_history_retrieval""]]","[""[LEAGUE] match results""]",true,negative,news_league_table,"Wrong: game_history_retrieval retrieves the event log of individual stored matches. It cannot compute or return the current league table. For live standings, use web_news_search."
"What is the current league table / standings for [LEAGUE]?",false,"[[""entity_augment""]]","[""[LEAGUE] standings table""]",true,negative,news_league_table,"Wrong: entity_augment retrieves entity background pages (player, team, venue). It does not contain aggregated current standings data. Use web_news_search for current league table information."
"Is [PLAYER] expected to return from injury before [EVENT]?",false,"[[""web_news_search""]]","[""[PLAYER] injury return timeline [EVENT]""]",true,positive,news_injury_return,"Correct: injury return timelines are covered in recent sports news and medical updates. web_news_search retrieves the latest reporting on the player's recovery status and expected return date."
"What are the rumoured transfers for [TEAM] in the current transfer window?",false,"[[""web_news_search""]]","[""[TEAM] transfer window rumours""]",true,positive,news_transfer_window,"Correct: transfer rumours are real-time news that changes daily during the transfer window. web_news_search is the only tool that can retrieve current transfer speculation and confirmed deals."
"What are the rumoured transfers for [TEAM] in the current transfer window?",false,"[[""entity_augment""]]","[""[TEAM] transfer history""]",true,negative,news_transfer_window,"Wrong: entity_augment retrieves historical transfer history from the entity knowledge base. It does not have access to current transfer window rumours or ongoing negotiations. Use web_news_search for current transfer activity."
"Give me [PLAYER]'s career stats and tell me about their transfer rumours this summer.",false,"[[""entity_augment""], [""web_news_search""]]","[""Career stats of [PLAYER]"", ""[PLAYER] transfer rumours this summer""]",true,positive,entity_and_news_parallel,"Correct: career statistics (static knowledge base) and summer transfer rumours (live news) are fully independent sub-questions. entity_augment handles career stats in parallel with web_news_search handling transfer news. No dependency exists between them."
"Give me [PLAYER]'s career stats and tell me about their transfer rumours this summer.",false,"[[""web_news_search""]]","[""[PLAYER] career stats and transfer rumours""]",true,negative,entity_and_news_parallel,"Wrong: web_news_search only retrieves recent news articles. It is not reliable for comprehensive historical career stats, which are best served from the structured entity knowledge base via entity_augment. Both tools are needed as parallel chains."
"What are the latest injury updates across [LEAGUE] ahead of this week's fixtures?",false,"[[""web_news_search""]]","[""[LEAGUE] injury updates this week""]",true,positive,news_multi_injury,"Correct: league-wide injury news ahead of upcoming fixtures is current sports news. web_news_search retrieves recent articles covering injury reports and team news updates."
"How did [TEAM] perform in their last 3 matches this season?",false,"[[""web_news_search""]]","[""[TEAM] last 3 match results this season""]",true,positive,news_recent_form,"Correct: recent form and results from the current season may include very recent matches not yet in the static database. web_news_search reliably covers the most recent results. Only use game tools for specific historical match details."
"How did [TEAM] perform in their last 3 matches this season?",false,"[[""game_history_retrieval""]]","[""[TEAM] last 3 match events this season""]",true,negative,news_recent_form,"Wrong: game_history_retrieval retrieves the event log of a single specific match in the historical database. It cannot aggregate results across multiple recent matches, and very recent fixtures may not be stored yet. For current-season form, web_news_search is more reliable."
"What did [MANAGER] say about [PLAYER] in the post-match interview?",false,"[[""web_news_search""]]","[""[MANAGER] post-match comments on [PLAYER]""]",true,positive,news_interview,"Correct: post-match interview quotes are real-time news content. web_news_search retrieves the latest reporting of manager or player statements. Use time_range=day for very recent post-match content."
"What did [MANAGER] say about [PLAYER] in the post-match interview?",false,"[[""entity_augment""]]","[""[MANAGER] [PLAYER] relationship""]",true,negative,news_interview,"Wrong: entity_augment retrieves background biographical data about entities. It does not contain quotes or statements from recent press conferences or post-match interviews. Use web_news_search for recent media coverage."
"Tell me about [PLAYER] and what transfer news surrounds them right now.",false,"[[""entity_augment""], [""web_news_search""]]","[""Background information about [PLAYER]"", ""[PLAYER] current transfer news""]",true,positive,entity_and_news_parallel,"Correct: player background (static KB) and current transfer news (live web) are independent data sources. Running entity_augment and web_news_search as parallel chains covers both sub-questions without unnecessary waiting."
"Tell me about [PLAYER] and what transfer news surrounds them right now.",false,"[[""entity_augment"", ""web_news_search""]]","[""[PLAYER] background and transfer news""]",true,negative,entity_and_news_parallel,"Wrong: entity_augment and web_news_search query completely different data sources with no dependency. Chaining them sequentially forces web_news_search to wait for entity_augment output unnecessarily. They must run as separate parallel chains."
